Workbook

Sheet README
A1: CRM Workflow Template
A2: Companion to the CRM Workflow & Data Structure Design Specification
A4: How this workbook is organized
A5: Contacts | B5: Master list of every person. This is the central hub — every other sheet links back to a Contact ID.
A6: Companies | B6: Organization-level records for B2B relationships. Linked to Contacts via Company ID.
A7: Deals | B7: Sales pipeline tracker. Each deal links to a Contact ID (and Company ID if B2B).
A8: Activities | B8: Log of every interaction (calls, emails, meetings). Links to Contact ID and optionally Deal ID.
A9: Tickets | B9: Post-sale support/issue tracking. Links to Contact ID.
A10: Dashboard | B10: Live pipeline and activity summary — pulls automatically from the Deals and Activities sheets.
A12: How to use it
A13: 1. Add new contacts first | B13: Give each contact a unique Contact ID (e.g., C001, C002...). Use the next sequential number.
A14: 2. Link records with IDs | B14: When creating a Deal, Activity, or Ticket, enter the matching Contact ID (and Company ID / Deal ID where relevant) so records stay connected.
A15: 3. Use the dropdowns | B15: Stage, Status, Source, Type, and Priority columns have dropdown lists — use these for consistency so the Dashboard formulas work correctly.
A16: 4. Check the Dashboard | B16: The Dashboard sheet updates automatically as you add/update Deals — no manual calculation needed.
A17: 5. Adjust stage names if needed | B17: Default pipeline stages: New Lead, Qualified, Proposal Sent, Negotiation, Won, Lost. Rename in the Deals dropdown list and Dashboard formulas to match your business (e.g., B2C: Lead, Engaged, Cart/Quote, Purchased, Repeat Customer).
A19: ID conventions
A20: Contact ID | B20: C001, C002, C003 ...
A21: Company ID | B21: CM001, CM002, CM003 ...
A22: Deal ID | B22: D001, D002, D003 ...
A23: Activity ID | B23: A001, A002, A003 ...
A24: Ticket ID | B24: T001, T002, T003 ...

Sheet Contacts
A1: Contact ID | B1: Name | C1: Email | D1: Phone | E1: Role / Title | F1: Company ID | G1: Source | H1: Status | I1: Tags | J1: Last Contact Date | K1: Notes
A2: C001 | B2: Aarav Mehta | C2: aarav.mehta@example.com | D2: +91 98765 43210 | E2: Procurement Manager | F2: CM001 | G2: Referral | H2: Active Customer | I2: Priority | J2: 2026-06-05 | K2: Met at trade expo; warm relationship
A3: C002 | B3: Riya Sharma | C3: riya.sharma@example.com | D3: +91 91234 56780 | E3: Owner | F3: CM002 | G3: Website | H3: Lead | I3: New | J3: 2026-06-08 | K3: Filled contact form, interested in bulk order
A4: C003 | B4: John Carter | C4: john.carter@example.com | D4: +1 415 555 0192 | E4: Operations Lead | G4: Cold Outreach | H4: Lead | I4: Follow-up | J4: 2026-06-10 | K4: Initial email sent, awaiting reply

Sheet Companies
A1: Company ID | B1: Company Name | C1: Industry | D1: Size | E1: Website | F1: Primary Contact ID | G1: Account Owner | H1: Notes
A2: CM001 | B2: Nimbus Traders Pvt Ltd | C2: Wholesale Distribution | D2: 51-200 | E2: www.nimbustraders.com | F2: C001 | G2: Priya Nair | H2: Long-term account, annual contract renewal in Sept
A3: CM002 | B3: Sharma Retail Group | C3: Retail | D3: 11-50 | E3: www.sharmaretail.in | F3: C002 | G3: Vikram Singh | H3: Evaluating bulk supplier options

Sheet Deals
A1: Deal ID | B1: Deal Name | C1: Contact ID | D1: Company ID | E1: Stage | F1: Value | G1: Probability | H1: Weighted Value | I1: Expected Close Date | J1: Owner | K1: Source | L1: Lost Reason
A2: D001 | B2: Annual Supply Contract | C2: C001 | D2: CM001 | E2: Negotiation | F2: 850000 | G2: 0.7 | H2: =IF(F2="","",F2*G2) -> 595000 | I2: 2026-07-15 | J2: Priya Nair | K2: Referral
A3: D002 | B3: Bulk Order - Q3 | C3: C002 | D3: CM002 | E3: Proposal Sent | F3: 320000 | G3: 0.4 | H3: =IF(F3="","",F3*G3) -> 128000 | I3: 2026-06-30 | J3: Vikram Singh | K3: Website
A4: D003 | B4: Pilot Order | C4: C003 | E4: New Lead | F4: 75000 | G4: 0.1 | H4: =IF(F4="","",F4*G4) -> 7500 | I4: 2026-07-30 | J4: Vikram Singh | K4: Cold Outreach
H5: =IF(F5="","",F5*G5)
H6: =IF(F6="","",F6*G6)
H7: =IF(F7="","",F7*G7)
H8: =IF(F8="","",F8*G8)
H9: =IF(F9="","",F9*G9)
H10: =IF(F10="","",F10*G10)
H11: =IF(F11="","",F11*G11)
H12: =IF(F12="","",F12*G12)
H13: =IF(F13="","",F13*G13)
H14: =IF(F14="","",F14*G14)
H15: =IF(F15="","",F15*G15)
H16: =IF(F16="","",F16*G16)
... H201: =IF(F201="","",F201*G201)

Sheet Activities
A1: Activity ID | B1: Date | C1: Type | D1: Contact ID | E1: Deal ID | F1: Notes | G1: Next Action | H1: Next Action Date
A2: A001 | B2: 2026-06-05 | C2: Meeting | D2: C001 | E2: D001 | F2: Discussed contract renewal terms | G2: Send revised proposal | H2: 2026-06-12
A3: A002 | B3: 2026-06-08 | C3: Email | D3: C002 | E3: D002 | F3: Sent product catalog and pricing sheet | G3: Follow up call | H3: 2026-06-15
A4: A003 | B4: 2026-06-10 | C4: Call | D4: C003 | E4: D003 | F4: Introductory call, gauged interest | G4: Send sample quote | H4: 2026-06-17

Sheet Tickets
A1: Ticket ID | B1: Contact ID | C1: Issue Type | D1: Description | E1: Status | F1: Priority | G1: Assigned To | H1: Opened Date | I1: Resolved Date
A2: T001 | B2: C001 | C2: Billing | D2: Discrepancy in last invoice amount | E2: Resolved | F2: Medium | G2: Finance Team | H2: 2026-06-01 | I2: 2026-06-03
A3: T002 | B3: C002 | C3: Delivery Delay | D3: Order shipment delayed beyond promised date | E3: Open | F3: High | G3: Logistics Team | H3: 2026-06-09

Sheet Dashboard
A1: Pipeline & Activity Dashboard
A2: Updates automatically based on data entered in Deals and Activities sheets
A4: Pipeline by Stage
A5: Stage | B5: # of Deals | C5: Total Value | D5: Weighted Value
A6: New Lead | B6: =COUNTIF(Deals!$E$2:$E$201,A6) -> 1 | C6: =SUMIF(Deals!$E$2:$E$201,A6,Deals!$F$2:$F$201) -> 75000 | D6: =SUMIF(Deals!$E$2:$E$201,A6,Deals!$H$2:$H$201) -> 7500
A7: Qualified | B7: =COUNTIF(Deals!$E$2:$E$201,A7) -> 0 | C7: =SUMIF(Deals!$E$2:$E$201,A7,Deals!$F$2:$F$201) -> 0 | D7: =SUMIF(Deals!$E$2:$E$201,A7,Deals!$H$2:$H$201) -> 0
A8: Proposal Sent | B8: =COUNTIF(Deals!$E$2:$E$201,A8) -> 1 | C8: =SUMIF(Deals!$E$2:$E$201,A8,Deals!$F$2:$F$201) -> 320000 | D8: =SUMIF(Deals!$E$2:$E$201,A8,Deals!$H$2:$H$201) -> 128000
A9: Negotiation | B9: =COUNTIF(Deals!$E$2:$E$201,A9) -> 1 | C9: =SUMIF(Deals!$E$2:$E$201,A9,Deals!$F$2:$F$201) -> 850000 | D9: =SUMIF(Deals!$E$2:$E$201,A9,Deals!$H$2:$H$201) -> 595000
A10: Won | B10: =COUNTIF(Deals!$E$2:$E$201,A10) -> 0 | C10: =SUMIF(Deals!$E$2:$E$201,A10,Deals!$F$2:$F$201) -> 0 | D10: =SUMIF(Deals!$E$2:$E$201,A10,Deals!$H$2:$H$201) -> 0
A11: Lost | B11: =COUNTIF(Deals!$E$2:$E$201,A11) -> 0 | C11: =SUMIF(Deals!$E$2:$E$201,A11,Deals!$F$2:$F$201) -> 0 | D11: =SUMIF(Deals!$E$2:$E$201,A11,Deals!$H$2:$H$201) -> 0
A12: Total | B12: =SUM(B6:B11) -> 3 | C12: =SUM(C6:C11) -> 1245000 | D12: =SUM(D6:D11) -> 730500
A14: Key Metrics
A15: Open Pipeline Value | B15: =SUMIFS(Deals!$F$2:$F$201,Deals!$E$2:$E$201,"<>Won",Deals!$E$2:$E$201,"<>Lost",Deals!$E$2:$E$201,"<>") -> 1245000
A16: Weighted Open Pipeline | B16: =SUMIFS(Deals!$H$2:$H$201,Deals!$E$2:$E$201,"<>Won",Deals!$E$2:$E$201,"<>Lost",Deals!$E$2:$E$201,"<>") -> 730500
A17: Won Deals (Count) | B17: =COUNTIF(Deals!$E$2:$E$201,"Won") -> 0
A18: Lost Deals (Count) | B18: =COUNTIF(Deals!$E$2:$E$201,"Lost") -> 0
A19: Win Rate | B19: =IFERROR(COUNTIF(Deals!$E$2:$E$201,"Won")/(COUNTIF(Deals!$E$2:$E$201,"Won")+COUNTIF(Deals!$E$2:$E$201,"Lost")),"-") -> -
A20: Total Won Value | B20: =SUMIF(Deals!$E$2:$E$201,"Won",Deals!$F$2:$F$201) -> 0
A22: Upcoming Follow-Ups (from Activities)
A23: Activity ID | B23: Contact ID | C23: Next Action | D23: Next Action Date
A24: Tip: in Excel/Google Sheets, sort or filter the Activities sheet by 'Next Action Date' to see what's due soonest — this keeps the dashboard simple and avoids volatile array formulas.
